ID,Research,Lion,Country,Name,Speed,Turntime,Climb,BurstMass,br,Altitude,Type,Sub type,Subclass,Rank, AR, RB, SB,Weapon
a-20g,9200,22000,0,A-20G-25,510,34.0,10.1,3.30,3.0,3048.0,A,Attacker,,2,18198,7607,221,
a-26b_10,75000,250000,0,A-26B-10,576,30.0,12.0,3.23,5.0,,A,Attacker,,4,15869,3388,126,
a-26b,75000,250000,0,A-26B-50,569,28.0,11.4,7.54,5.3,,A,Attacker,,4,10743,1573,128,
a-35b,14000,55000,6,A-35 B,485,29.0,7.5,3.23,3.3,3650.0,B,Bomber,,2,10387,1173,135,
p-51_a-36,7900,10000,0,A-36,589,22.3,13.1,3.23,3.0,1760.0,A,Attacker,,2,7487,1214,98,Naval
a5m4,4000,2100,4,A5M4,447,12.3,12.8,0.33,1.3,,F,Fighter,,1,7280,9454,633,
a6m2_zero,14000,55000,4,A6M2,510,17.0,13.3,2.51,3.3,,F,Fighter,,2,6395,4414,379,
a6m2_mod11,11000,38000,4,A6M2 mod. 11,510,17.0,13.3,2.51,3.3,,F,Fighter,,2,6164,3339,166,
a6m2_n_zero,7900,10000,4,A6M2-N,432,20.0,12.3,2.51,2.3,,F,Fighter,,2,4990,2777,38,
a6m3_zero,18000,77000,4,A6M3,556,16.0,13.8,2.51,3.7,,F,Fighter,,3,4961,2065,191,
a6m3_mod22_zero,26000,100000,4,A6M3 mod. 22,542,15.5,13.8,2.40,4.0,,F,Fighter,,3,4794,819,46,
a6m3_mod22ko_zero,36000,140000,4,A6M3 mod. 22Ko,542,15.5,13.8,2.40,4.3,,F,Fighter,,3,4450,2788,87,Naval
a6m5_zero,50000,190000,4,A6M5,565,16.0,15.6,2.40,4.3,,F,Fighter,,3,3972,1173,218,
a6m5otsu,70000,230000,4,A6M5 otsu,565,16.0,15.6,2.86,4.7,,F,Fighter,,3,3956,1521,168,
a7m2,70000,230000,4,A7M2,630,19.0,18.5,3.33,4.7,,F,Fighter,,4,3706,6166,204,
douglas_ad_2,85000,310000,0,AD-2,593,21.0,17.0,3.55,5.7,5822.0,A,Attacker,,4,3567,4189,194,
douglas_ad_4_france,85000,310000,6,AD-4,587,23.0,15.5,7.10,6.0,5822.0,A,Attacker,,4,3513,2613,592,
douglas_ad_4,85000,310000,0,AD-4,587,23.0,15.5,7.10,6.0,5822.0,A,Attacker,,4,3462,764,70,
arado-234,120000,610000,1,Ar 234 B-2,742,28.5,28.5,-1.00,6.7,6000.0,B,Jet,Arado,5,3453,413,9,
arado-234c-3,130000,690000,1,Ar 234 C-3,857,29.0,28.5,2.76,7.0,0.0,B,Jet,Arado,5,3445,1431,114,
ar_2,9200,22000,2,Ar-2,423,24.2,8.9,-1.00,2.3,4000.0,B,Bomber,Ar,1,3381,308,107,
attaker_fb1,130000,690000,3,Attacker FB 1,922,25.0,28.0,6.46,7.0,,F,Jet,,5,3195,933,77,
b-17e,50000,190000,0,B-17E,510,36.0,7.2,-1.00,5.3,,B,Bomber,,3,3148,1276,185,
b-17e_late,70000,230000,0,B-17E/L,510,36.0,7.2,-1.00,5.7,,B,Bomber,,3,3112,1063,101,
b-17g,80000,300000,0,B-17G-60-VE,510,36.0,4.6,-1.00,6.0,,B,Bomber,,4,3080,1636,44,
b_18a,5900,6300,0,B-18A,375,21.0,7.7,-1.00,1.7,3049.0,B,Bomber,,1,3069,1184,121,
b_24d,85000,310000,0,B-24D-25-CO,494,38.0,4.6,-1.00,6.0,7620.0,B,Bomber,,4,2995,1267,59,
b_25j_1,14000,55000,0,B-25J-1,444,31.0,7.7,2.69,4.0,3049.0,B,Bomber,,2,2763,2397,143,
b_25j_20,26000,100000,0,B-25J-20,444,31.0,7.7,3.23,4.3,3049.0,B,Bomber,,3,2641,531,33,
b-29,90000,360000,0,B-29A-BN,641,32.0,6.5,-1.00,6.3,9100.0,B,Bomber,,4,2545,213,23,
b_34,7900,10000,0,B-34,539,27.0,12.0,1.40,2.7,4572.0,B,Bomber,,2,2475,222,22,
b-57,120000,610000,0,B-57A,946,58.0,32.0,-1.00,7.70,0.0,B,Jet,,5,2412,1129,71,
b-57b,200000,790000,0,B-57B,963,55.0,28.5,6.93,8.0,0.0,B,Jet,,5,2378,389,64,
b5n2,7900,10000,4,B5N2,378,19.4,6.5,-1.00,1.7,3600.0,B,Bomber,,2,2361,787,135,
b7a2,26000,100000,4,B7A2,565,28.0,10.4,2.07,4.3,6550.0,B,Bomber,,3,2357,830,8,Torpedo
ba_65_k14_l,0,0,5,Ba.65 (K.14) L,490,29.0,7.6,1.08,1.0,5600.0,A,Attacker,,1,2321,378,63,Torpedo
bb-1,4000,2100,2,BB-1,467,23.0,9.8,1.16,1.7,6600.0,B,Attacker,BB,1,2304,754,85,
beaufighter_mk21,50000,190000,3,Beaufighter Mk 21,520,42.2,10.1,7.45,5.0,,F,Interceptor,Beaufighter,3,2155,685,2,
beaufighter_mk6c,9200,77000,3,Beaufighter Mk VIc,536,23.7,10.5,5.17,3.0,,F,Interceptor,,2,2074,926,15,
beaufighter_mkx,18000,22000,3,Beaufighter Mk X,490,28.5,10.0,6.16,4.0,,F,Interceptor,,3,2032,502,27,
beaufort_mkviii,5900,6300,3,Beaufort Mk VIII,437,39.6,6.1,-1.00,2.30,1981.0,B,Bomber,Beaufort,1,1993,3729,173,
bf-109b_2,7900,10000,1,Bf 109 B-1/L,465,22.0,10.2,0.39,1.3,,F,Fighter,BF-,2,1987,777,9,
bf-109e-1,7900,10000,1,Bf 109 E-1,570,20.0,17.8,0.78,2.0,,F,Fighter,BF-,2,1974,967,19,
bf-109e-3,9200,22000,1,Bf 109 E-3,570,20.0,17.8,2.56,2.7,,F,Fighter,BF-,2,1969,913,15,
bf-109e-4,9200,22000,1,Bf 109 E-4,580,21.0,17.8,2.41,3.0,,F,Fighter,BF-,2,1921,2399,22,
bf-109f-1,11000,38000,1,Bf 109 F-1,614,18.0,20.0,1.40,2.3,,F,Fighter,BF-,2,1889,776,52,
bf-109f-2,14000,55000,1,Bf 109 F-2,614,18.0,20.0,1.20,3.3,,F,Fighter,BF-,2,1874,387,71,
bf-109f-4,18000,77000,1,Bf 109 F-4,665,19.0,20.0,1.77,3.7,,F,Fighter,BF-,3,1873,1294,2,
bf-109f-4_trop,18000,77000,1,Bf 109 F-4/trop,658,19.0,20.0,1.77,3.7,,F,Fighter,BF-,3,1856,215,8,
bf-109g-10,80000,300000,1,Bf 109 G-10,692,19.0,21.8,2.43,5.3,,F,Fighter,BF-,4,1778,298,59,
bf-109g-14,75000,250000,1,Bf 109 G-14,674,20.0,21.8,2.43,5.3,,F,Fighter,BF-,4,1774,2758,179,
bf-109g-2,36000,140000,1,Bf 109 G-2/trop,682,19.0,23.2,1.77,4.3,,F,Fighter,BF-,3,1760,3840,118,
bf-109g-6,70000,230000,1,Bf 109 G-6,668,20.0,19.5,2.43,4.7,,F,Fighter,BF-,4,1735,5583,222,Naval
bf-109k-4,90000,360000,1,Bf 109 K-4,720,19.0,23.8,4.68,5.3,,F,Fighter,BF-,4,1648,1593,125,
bf-110c-4,5900,6300,1,Bf 110 C-4,538,30.7,11.0,2.80,2.7,,F,Interceptor,BF-,1,1626,306,17,
bf-109g-14as,75000,250000,5,Bf.109G-14/AS,698,20.0,21.8,2.43,5.0,,F,Fighter,,4,1615,3468,146,
blenheim_mkiv,4000,2100,3,Blenheim Mk IV,428,26.0,7.6,0.17,2.0,3962.0,B,Bomber,Blenheim,1,1596,535,64,
br_20_dr,4000,2100,5,BR.20 DR,430,31.0,4.6,-1.00,1.7,4000.0,B,Bomber,,1,1593,599,161,
breda_88,7900,10000,5,Breda 88 (P.XI),490,29.0,7.6,1.17,2.3,5600.0,A,Attacker,,2,1586,1096,159,
brigand_b1,75000,250000,3,Brigand B.1,580,26.6,14.7,6.46,4.7,4267.0,B,Bomber,Brigand,4,1579,395,9,
mc200_serie3_italy,5900,6300,5,C.200 Serie 3,504,16.0,18.0,0.78,1.7,,F,Fighter,,1,1577,344,15,
mc200_serie7_italy,5900,6300,5,C.200 Serie 7,504,16.0,16.0,0.78,2.0,,F,Fighter,,1,1556,1620,21,
mc-202_italy,7900,10000,5,C.202,600,21.4,25.6,1.08,2.3,,F,Fighter,,2,1552,1051,14,
mc-202_ec,9200,22000,5,C.202EC,571,20.0,13.4,3.54,3.3,,F,Fighter,,2,1550,565,37,
mc-205_serie1,18000,77000,5,C.205 Serie 1,683,18.0,20.4,1.08,3.0,,F,Fighter,,3,1541,73,23,
mc-205_serie3,26000,100000,5,C.205 Serie 3,672,19.0,19.0,3.54,3.7,,F,Fighter,,3,1522,748,26,
mc-205_n2,70000,230000,5,C.205N2,659,20.0,16.7,4.92,4.7,,F,Fighter,,4,1519,865,43,
caudron_cr714,4000,2100,6,C.R.714,487,20.0,9.3,0.88,1.7,,F,Fighter,,1,1505,1548,155,
canberra_bimk6,200000,790000,3,Canberra B (I) Mk. 6,880,26.0,20.0,6.46,8.0,3000.0,B,Jet,Canberra,5,1499,105,4,
canberra_bmk2,120000,610000,3,Canberra B Mk. 2,880,26.0,20.0,-1.00,7.7,3000.0,B,Jet,,5,1498,737,87,
f-86_canadair_german,380000,990000,1,CL-13A Sabre Mk.5,1114,24.0,49.3,5.20,9.0,,F,Jet,CL,5,1481,1386,59,
cr_32,0,0,5,CR.32,372,14.0,9.6,0.78,1.0,,F,Fighter,,1,1465,537,32,
cr_32_quater,0,0,5,CR.32 quater,350,14.0,9.6,0.78,1.0,,F,Fighter,,1,1398,289,28,
fiat_cr42_italy,2900,700,5,CR.42,429,19.2,17.2,0.78,1.3,,F,Fighter,,1,1381,430,87,
h-75a-4_france,4000,2100,6,Curtiss H75 C1 4,560,21.0,10.6,0.98,1.7,,F,Fighter,,1,1381,205,26,
d_371,0,0,6,D.371,393,13.0,14.2,0.88,1.0,,F,Fighter,,1,1373,231,67,
d_373,0,0,6,D.373,411,16.0,15.7,0.65,1.0,,F,Fighter,,1,1348,1779,114,
d_500,0,0,6,D.500,366,15.0,12.5,0.88,1.0,,F,Fighter,,1,1338,57,14,
d_501,2900,700,6,D.501,363,13.0,12.5,1.95,1.3,,F,Fighter,,1,1332,1606,49,
d_520_france,11000,38000,6,D.520,550,20.0,10.0,2.39,2.7,,F,Fighter,,3,1324,224,8,Naval
d3a1,4000,2100,4,D3A1,430,29.2,8.6,0.33,1.3,3900.0,B,Bomber,,1,1291,687,44,
d4y1,14000,55000,4,D4Y1 Suisei,552,23.0,9.3,0.33,2.7,4750.0,B,Bomber,,2,1282,815,60,
d4y2,14000,55000,4,D4Y2,580,23.0,10.9,0.33,3.0,5250.0,B,Bomber,,2,1270,232,11,
d4y3,18000,77000,4,D4Y3,574,22.0,10.4,0.33,3.3,6050.0,B,Bomber,,2,1254,121,3,
db_3b,9200,22000,2,DB-3B,406,34.0,9.3,-1.00,2.7,,B,Bomber,DB,2,1250,3019,70,
do_17e_1,2900,700,1,Do 17 E-1,357,33.0,4.8,0.18,1.3,0.0,B,Bomber,Dornier,1,1249,399,8,
do_17z_2,4000,2100,1,Do 17 Z-2,407,34.0,10.2,0.18,1.7,5000.0,B,Bomber,Dornier,1,1232,1768,64,
do_17z_7,4000,2100,1,Do 17 Z-7,448,34.0,10.0,1.96,1.3,,F,Air Defence,Dornier,1,1231,727,266,
do_217e_2,50000,190000,1,Do 217 E-2,483,38.4,6.8,1.38,4.7,5100.0,B,Bomber,Dornier,3,1225,207,79,
do_217e_4,70000,230000,1,Do 217 E-4,483,38.4,6.8,1.38,4.7,5100.0,B,Bomber,Dornier,3,1219,237,50,
do_217j_1,11000,38000,1,Do 217 J-1,489,28.7,6.8,4.83,3.3,,F,Air Defence,Dornier,2,1216,901,138,
do_217j_2,14000,55000,1,Do 217 J-2,489,28.7,6.8,4.83,3.3,,F,Air Defence,Dornier,2,1196,466,9,Dive
do_217k_1,75000,250000,1,Do 217 K-1,515,30.0,6.8,-1.00,5.0,,B,Bomber,Dornier,4,1192,1153,46,Naval
do_217m_1,80000,300000,1,Do 217 M-1,560,30.0,6.8,-1.00,5.0,,B,Bomber,Dornier,4,1181,102,1,
do_217n_1,18000,77000,1,Do 217 N-1,515,27.7,6.8,6.29,3.7,,F,Air Defence,Dornier,3,1165,367,18,
do_217n_2,26000,100000,1,Do 217 N-2,515,27.7,6.8,11.81,3.7,,F,Air Defence,Dornier,3,1160,72,22,
do_335a_0,80000,300000,1,Do 335 A-0,763,29.0,16.0,5.44,5.3,,F,Air Defence,Dornier,4,1149,563,38,
do_335a_1,80000,300000,1,Do 335 A-1,770,29.0,16.0,4.29,5.7,,F,Air Defence,Dornier,4,1147,1558,9,
f1m2,2900,700,4,F1M2,412,17.0,13.6,0.33,1.0,,F,Fighter,,1,1125,375,93,
f2a-1,5900,6300,0,F2A-1,504,18.2,10.9,1.81,2.3,,F,Fighter,F2A,1,1114,1160,60,
f2a-3,5900,6300,0,F2A-3,518,17.6,16.4,2.20,2.7,,F,Fighter,F2A,1,1100,560,13,
f2h-2,120000,610000,0,F2H-2,933,26.0,27.4,7.10,8.0,,F,Jet,,5,1088,418,11,Naval
f3d_1,380000,990000,0,F-3D-1,846,30.0,18.8,7.10,8.0,,F,Fighter,,5,1088,1549,58,
f3f-2,4000,2100,0,F3F-2,436,15.0,16.0,0.71,1.3,,F,Fighter,,1,1086,745,63,
f4f-3,7900,10000,0,F4F-3,518,18.9,15.1,2.20,2.3,,F,Fighter,F4F,2,1078,123,7,
f4f-4,9200,22000,0,F4F-4,517,19.9,14.0,3.30,2.7,,F,Fighter,F4F,2,1073,293,65,
f4u-1a,11000,38000,0,F4U-1a,615,24.0,12.3,3.23,2.7,,F,Fighter,F4U,2,1060,777,183,
f4u-1a_usmc,14000,55000,0,F4U-1a USMC,653,21.0,12.3,3.23,3.3,,F,Fighter,F4U,2,1049,768,103,
f4u-1c,50000,190000,0,F4U-1c,671,22.0,16.4,5.68,4.7,,F,Fighter,F4U,3,1048,284,42,
f4u-1d,18000,77000,0,F4U-1d,671,22.0,15.2,3.23,3.7,,F,Fighter,F4U,3,1035,784,152,Naval
f4u-4,75000,250000,0,F4U-4,711,20.0,18.5,3.33,5.0,,F,Fighter,F4U,3,1034,434,75,
f4u-4b,80000,300000,0,F4U-4B,697,20.0,19.0,7.10,5.7,,F,Fighter,F4U,4,1028,1483,127,
f6f-3,14000,55000,0,F6F-3,629,20.5,12.6,3.23,3.7,,F,Fighter,F6F,2,1013,1321,155,
f6f-5_france,14000,55000,6,F6F-5,629,20.5,12.6,3.23,3.7,,F,Fighter,,3,1002,888,156,
f6f-5n,50000,190000,0,F6F-5N,615,21.0,11.8,4.99,4.3,,F,Fighter,F6F,3,994,47,0,
f6f-5n_france,50000,190000,6,F6F-5N,615,21.0,11.8,4.99,4.3,,F,Fighter,,3,993,847,64,
f7f1,90000,360000,0,F7F-1,688,25.0,25.0,9.26,6.0,,F,Fighter,,4,992,899,141,
f-80,130000,690000,0,F-80C-10,903,24.0,25.2,5.20,8.0,,F,Jet,,5,991,120,13,
f-82e,80000,300000,0,F-82E,742,27.0,18.7,5.20,5.0,,F,Interceptor,,4,987,236,17,
f-84b,130000,690000,0,F-84B-26,948,31.0,22.0,5.20,7.0,,F,Jet,,5,985,760,92,
f-84g_italy,200000,790000,5,F-84G-21-RE,985,28.0,36.2,5.20,7.7,,F,Fighter,,5,980,144,14,
f-86a-5,200000,1330000,0,F-86A-5 Sabre,1093,24.0,38.1,5.20,9.0,,F,Jet,,5,975,89,4,
f-86f-2,380000,1750000,0,F-86F-2 Sabre,1106,24.0,46.7,10.10,9.0,,F,Jet,,5,962,350,32,
f-86f-25,380000,1470000,0,F-86F-25 Sabre,1106,24.0,46.7,5.20,9.0,,F,Jet,,5,962,50,4,
f-86f-30_japan,380000,1970000,4,F-86F-30 Sabre,1106,24.0,46.7,5.20,9.0,,F,Jet,,5,945,103,23,
f-86f-40_japan,380000,1990000,4,F-86F-40,1106,23.0,46.5,5.20,9.0,,F,Fighter,,5,943,81,0,
f8f1,80000,300000,0,F8F-1,686,20.0,22.6,2.22,6.0,,F,Fighter,,4,943,199,3,
f8f1b,90000,360000,0,F8F-1B,708,19.0,24.8,7.10,6.3,,F,Fighter,,4,941,2771,102,
f8f1b_france,90000,360000,6,F8F-1B,708,19.0,24.8,7.10,6.3,,F,Fighter,,4,938,426,20,
f9f-2,130000,790000,0,F9F-2,926,27.0,26.5,7.10,9.0,,F,Jet,,5,933,152,23,
f9f-5,200000,990000,0,F9F-5,972,27.0,24.4,7.10,9.0,,F,Jet,,5,933,135,94,
f9f-8,380000,990000,0,F9F-8,1041,32.0,24.4,7.10,9.0,,F,Jet,,5,930,532,22,Naval/Dive
f_222_2,2900,700,6,Farman 222.2,366,33.0,6.4,-1.00,1.3,,B,Bomber,,1,926,170,3,
firebrand_tf4,50000,190000,3,Firebrand TF Mk IV,565,25.0,15.1,6.46,4.7,,F,Interceptor,Firebrand,3,923,312,20,
firefly_mk1,18000,77000,3,Firefly F Mk.I,508,21.0,12.7,5.17,3.7,,F,Interceptor,Firefly,3,921,395,8,Naval
firefly_mk5,36000,140000,3,Firefly FR Mk V,554,28.0,13.5,6.46,4.0,,F,Interceptor,,3,910,2232,51,
fury_mk1,0,0,3,Fury Mk I,394,16.0,15.7,0.33,1.0,,F,Fighter,Fury,1,909,325,19,Dive
fury_mk2,0,0,3,Fury Mk II,394,16.0,15.7,0.33,1.0,,F,Fighter,,1,903,197,9,
fw-190a-1,14000,55000,1,Fw 190 A-1,652,20.2,14.1,2.80,3.3,,F,Fighter,FockeWulf,2,900,101,4,
fw-190a-4,18000,77000,1,Fw 190 A-4,648,22.0,14.1,5.17,4.3,,F,Fighter,FockeWulf,2,897,1482,37,
fw-190a-5_cannons,50000,190000,1,Fw 190 A-5,660,21.5,14.1,5.17,4.7,,F,Fighter,FockeWulf,3,896,236,112,
fw-190a-5,36000,140000,1,Fw 190 A-5/U12,666,20.6,14.1,3.15,4.7,,F,Fighter,FockeWulf,3,894,1324,130,Naval
fw-190a-8,75000,250000,1,Fw 190 A-8,652,22.8,14.1,6.57,5.0,,F,Interceptor,FockeWulf,4,882,238,51,Naval
fw-190d-12,85000,310000,1,Fw 190 D-12,725,21.6,17.1,6.39,5.7,,F,Fighter,FockeWulf,4,863,157,21,
fw-190d-9,80000,300000,1,Fw 190 D-9,710,20.4,15.8,3.81,5.3,,F,Fighter,FockeWulf,4,863,162,25,
fw-190f-8,75000,250000,1,Fw 190 F-8,635,23.2,15.8,3.81,4.7,,F,Interceptor,FockeWulf,4,862,110,6,
fw-190a-5_u2,70000,230000,1,Fw 190A-5/U2,666,20.6,14.1,2.76,4.3,,F,Fighter,FockeWulf,3,859,156,15,
fw_200c_1,18000,77000,1,Fw 200 C-1,378,30.0,4.0,-1.00,2.3,1500.0,B,Bomber,FockeWulf,2,857,1426,214,
fiat_g50_seria7as_italy,4000,2100,5,G.50 AS Serie 7,470,15.0,10.3,0.78,1.7,,F,Fighter,,1,856,283,14,Naval/Dive
fiat_g50_seria2_italy,4000,2100,5,G.50 Serie 2,470,15.0,15.0,0.78,1.7,,F,Fighter,,1,855,1088,18,
g_55_serie1,50000,190000,5,G.55 Serie 1,646,20.0,16.7,4.92,4.3,,F,Fighter,,3,852,295,52,
g_55_serie1_ss0,36000,140000,5,G.55 Sottoserie 0,638,20.0,16.5,2.94,4.0,,F,Fighter,,3,851,594,66,
g_56,80000,300000,5,G.56,677,20.0,21.7,4.13,5.3,,F,Fighter,,4,851,457,86,
fiat_g91_ps,200000,790000,5,G.91 pre-serie,1078,26.0,39.0,3.47,8.0,,F,Jet,,5,841,603,22,
fiat_g91_r1,200000,790000,5,G.91 R/1,1084,26.0,39.0,3.47,8.0,,F,Jet,,5,831,460,39,
g4m1,11000,38000,4,G4M1,452,32.0,7.2,-1.00,3.0,,B,Bomber,,2,829,764,41,
g5n1,75000,250000,4,G5N1,512,24.4,7.2,-1.00,5.0,,B,Bomber,,4,821,252,33,
g8n1,85000,310000,4,G8N1,512,24.4,7.2,-1.00,6.3,,B,Bomber,,4,813,133,7,
gladiator_mk2,2900,700,3,Gladiator Mk II,414,16.0,15.7,0.66,1.3,,F,Fighter,Gladiator,1,809,300,89,
h6k4,5900,6300,4,H6K4,325,22.6,7.0,-1.00,2.0,,B,Bomber,,1,800,154,1,
h-75a-1_france,2900,700,6,H-75 A-1,560,21.0,10.6,0.65,1.3,,F,Fighter,,1,791,194,35,
h8k2,40000,10000,4,H8K2,476,33.0,6.5,-1.00,3.3,,B,Bomber,,1,785,2843,24,
halifax_mk3,26000,100000,3,Halifax B.Mk.IIIa,454,34.0,6.5,-1.00,4.0,,B,Bomber,Halifax,2,777,169,52,
hp52_hampden_mk1_late,4000,2100,3,Hampden Mk.I,428,26.0,7.6,0.17,1.7,3962.0,B,Bomber,Hampden,1,772,183,2,
hp52_hampden_tbmk1,4000,2100,3,Hampden TB Mk.I,428,26.0,7.6,0.17,1.7,3962.0,B,Bomber,,1,764,115,6,Torpedo
he_100d_1,7900,10000,1,He 100D-1,670,20.0,16.6,0.59,1.7,,F,Fighter,Heinkel,2,752,399,62,
he-111h-16_winter,36000,140000,1,He 111 H-16,432,31.0,4.6,-1.00,3.0,,B,Bomber,Heinkel,3,737,986,46,Naval
he-111h-2,5900,6300,1,He 111 H-3,435,33.0,6.3,-1.00,1.7,,B,Bomber,Heinkel,1,735,102,10,
he-111h-6,14000,55000,1,He 111 H-6,430,32.0,4.6,-1.00,2.7,,B,Bomber,Heinkel,2,732,174,9,
he_112a_0,5900,6300,1,He 112 A-0,473,17.0,11.1,0.74,2.0,,F,Fighter,Heinkel,1,728,175,47,
he_112b_0,5900,6300,1,He 112 B-0,502,19.0,13.8,2.56,2.0,,F,Fighter,Heinkel,1,725,62,1,
he_112v_5,4000,2100,1,He 112 V-5,483,17.0,11.1,0.39,1.3,,F,Fighter,Heinkel,1,711,2208,8,
he-162a-2,120000,610000,1,He 162 A-2,840,30.0,23.4,2.76,6.7,,F,Jet,Heinkel,5,710,1059,40,
he51a1,0,0,1,He 51 A-1,305,13.7,13.0,0.39,1.0,,F,Fighter,Heinkel,1,709,1668,31,
he51b1,0,0,1,He 51 B-1,310,14.7,14.3,0.39,1.0,,F,Fighter,Heinkel,1,705,903,72,
he51c1,0,0,1,He 51 C-1,310,15.0,14.3,0.39,1.0,,F,Fighter,Heinkel,1,704,955,67,
go229_v3,120000,610000,1,Ho 229 V3,910,28.0,21.0,5.36,7.0,,F,Jet,Horten,5,699,213,24,
hornet_mk3,80000,300000,3,Hornet Mk.III,756,25.0,25.2,6.46,5.7,,F,Air Defence,Hornet,4,688,239,6,
hs-123a-1,2900,700,1,Hs 123 A-1,310,15.0,12.0,0.39,1.3,4000.0,B,Bomber,Henschel,1,687,556,54,
hs-129b-2,26000,100000,1,Hs 129 B-2,439,27.9,8.3,3.15,3.3,,A,Attacker,Henschel,3,678,655,36,
hs-129b-3,36000,140000,1,Hs 129 B-3,439,27.9,8.3,3.79,3.3,,A,Attacker,Henschel,3,678,1147,18,
hunter_f1,380000,990000,3,Hunter F 1,1108,31.0,55.0,20.84,9.0,,F,Jet,Hunter,5,673,83,1,
hurricane_mk1,4000,2100,3,Hurricane Mk I/L,508,17.0,16.6,1.33,2.0,,F,Fighter,Hurricane,1,671,278,9,
hurricanemkii,7900,10000,3,Hurricane Mk IIB,494,23.7,13.3,1.99,2.0,,F,Fighter,,2,671,80,31,Dive
hurricane_mk4,9200,22000,3,Hurricane Mk IV,504,21.0,10.9,3.86,2.0,,F,Fighter,,2,670,182,14,Dive
i-15_1935,0,0,2,I-15 M-22,368,8.0,13.4,0.48,1.0,,F,Fighter,I-,1,662,834,51,
i-15_1934,0,0,2,I-15 WR,348,8.7,10.5,0.48,1.0,,F,Fighter,,1,658,65,3,
i-153_m62,2900,700,2,I-153 M-62,444,13.3,15.2,1.16,2.0,,F,Fighter,,1,656,47,8,
i-15bis,2900,700,2,I-15bis,380,10.5,14.2,0.48,1.3,,F,Fighter,,1,637,370,9,
i-15_1935_moscow,0,0,2,I-15R,368,8.0,13.4,0.48,1.0,,F,Fighter,,1,623,117,10,
i-16_type10,5900,6300,2,I-16 type 10,448,17.0,18.5,1.16,1.7,,F,Fighter,,1,606,407,2,
i-16_type18,5900,6300,2,I-16 type 18,461,16.5,18.5,1.16,2.0,,F,Fighter,,1,606,213,64,
i-16_type24,5900,6300,2,I-16 type 24,461,16.5,18.5,1.16,2.3,,F,Fighter,,1,600,100,30,Naval
i-16_type27,14000,55000,2,I-16 type 27,463,16.5,18.0,3.14,2.7,,F,Fighter,,2,598,892,271,
i-16_type5,4000,2100,2,I-16 type 5,445,15.0,18.5,0.58,1.3,,F,Fighter,,1,596,68,26,Dive
i_185_m71_standard,75000,250000,2,I-185 (M-71),680,21.0,18.5,3.46,5.0,,F,Fighter,,4,595,1644,62,
i_185_m82,26000,100000,2,I-185 (M-82),615,22.0,18.5,3.46,4.0,,F,Fighter,,3,595,183,39,
il-10,70000,230000,2,IL-10,551,24.0,10.4,4.54,5.3,,A,Attacker,,4,594,126,1,
il-10_1946,80000,300000,2,IL-10 (1946),528,24.0,10.4,7.90,5.3,2650.0,A,Attacker,IL-,4,582,72,8,
il_2_1941,7900,10000,2,IL-2 (1941),423,25.0,8.3,3.14,2.7,2500.0,A,Attacker,,2,582,90,19,
il-2i,7900,10000,2,IL-2 (1942),423,25.0,8.3,4.54,3.0,2500.0,A,Attacker,,2,581,263,54,Naval
il_2_37_1943,18000,77000,2,IL-2-37,387,40.0,8.3,7.06,3.3,1320.0,A,Attacker,,3,576,350,9,Naval/Dive
il_28,130000,690000,2,IL-28,905,48.0,20.0,5.93,8.0,4500.0,B,Jet,,5,573,360,16,
il_2m_1943,18000,77000,2,IL-2M (1943),397,35.0,8.3,4.54,3.3,2500.0,A,Attacker,,3,565,171,0,
il-2m,26000,100000,2,IL-2M type 3,405,48.0,8.3,4.54,3.3,6000.0,A,Attacker,,3,561,79,1,
il-4,11000,38000,2,IL-4,406,34.0,9.3,-1.00,3.0,,B,Bomber,,2,557,1024,41,Torpedo/Naval
j1n1_mod11_early,5900,6300,4,J1N1,522,25.0,9.6,1.36,2.0,,F,Interceptor,,1,557,26,11,
j2m2,14000,55000,4,J2M2,596,19.0,21.2,2.40,4.0,,F,Fighter,,2,555,129,79,
j2m3,75000,250000,4,J2M3,596,19.0,21.3,4.26,5.3,,F,Fighter,,4,553,734,96,
j2m5,80000,300000,4,J2M5,615,19.0,17.5,4.26,5.7,,F,Fighter,,4,548,830,34,Dive
j7w1,90000,360000,4,J7W1,750,30.0,18.6,10.13,6.0,,F,Fighter,,4,546,342,6,
ju-87b-2,4000,2100,1,Ju 87 B-2,383,27.0,5.6,0.39,1.7,4100,B,Bomber,Junkers,1,543,67,2,Naval
ju-87d-3,9200,22000,1,Ju 87 D-3,385,31.0,4.2,0.39,2.7,4000.0,B,Bomber,Junkers,2,541,230,3,Naval
ju-87d-5,11000,38000,1,Ju 87 D-5,385,31.0,4.2,8.27,3.3,4000.0,B,Bomber,Junkers,2,535,38,6,
ju-87g_2,18000,77000,1,Ju 87 G-2,380,32.0,5.5,2.99,2.7,,A,Attacker,Junkers,2,531,121,1,Naval
ju-87r-2,5900,6300,1,Ju 87 R-2,383,27.0,5.6,0.39,2.0,4100.0,B,Bomber,Junkers,1,528,592,150,
ju-87g_1,14000,55000,1,Ju 87G-1,380,32.0,5.6,2.99,2.3,,A,Attacker,Junkers,2,527,187,50,
ju-88a-1,9200,22000,1,Ju 88 A-1,455,30.0,6.8,0.18,2.0,5600.0,B,Bomber,Junkers,1,526,128,0,Naval
ju-88a-4,9200,22000,1,Ju 88 A-4,455,30.0,6.8,0.19,2.0,5600.0,B,Bomber,Junkers,1,524,429,36,Dive
ju-88c-6,7900,10000,1,Ju.88C-6,490,29.0,7.6,3.62,2.7,,F,Interceptor,Junkers,1,521,1130,35,
ki_100_early,14000,55000,4,Ki-100,580,20.0,13.8,3.46,3.7,,F,Fighter,,2,520,1447,14,Dive
ki_102_otsu,36000,140000,4,Ki-102 otsu,580,24.5,19.5,4.47,3.7,1900,A,Air Defence,,3,515,219,2,
ki_109,50000,190000,4,Ki-109,550,20.0,10.9,2.17,4.7,,F,Interceptor,,3,512,501,10,
ki_10_1,0,0,4,Ki-10-I,402,16.0,15.7,0.33,1.0,,F,Fighter,,1,512,1656,90,
ki_10_1_commander,0,0,4,Ki-10-I C,402,16.0,15.7,0.33,1.0,,F,Fighter,,1,511,2987,27,
ki_10_2,0,0,4,Ki-10-II,402,16.0,15.7,0.33,1.0,,F,Fighter,,1,511,677,30,
j8m1,200000,610000,4,Ki-200,995,17.0,47.4,5.06,8.0,,F,Jet,,5,508,36,6,
ki_21_1ko,2900,700,4,Ki-21-Ia,432,14.0,5.9,-1.00,1.7,,B,Bomber,,1,508,77,10,
ki-27_otsu,2900,700,4,Ki-27 otsu,495,10.0,12.8,0.33,1.3,,F,Fighter,,1,505,181,1,Naval
ki_43_1,5900,6300,4,Ki-43-I,495,14.0,15.3,0.33,1.7,,F,Fighter,,2,503,232,3,
ki_43_2,7900,10000,4,Ki-43-II,558,15.0,15.3,0.99,2.0,,F,Fighter,,2,499,187,11,
ki_43_3_otsu,36000,140000,4,Ki-43-III otsu,590,15.0,19.2,2.47,4.0,,F,Fighter,,3,496,161,2,
ki_44_1,9200,22000,4,Ki-44-I,558,16.5,21.6,1.31,2.3,,F,Fighter,,2,488,1472,71,
ki_44_2_hei,9200,22000,4,Ki-44-II hei,606,20.0,18.8,1.97,2.7,,F,Fighter,,2,487,633,35,
ki-45_hei,14000,55000,4,Ki-45 hei,570,24.0,19.5,1.76,3.0,,F,Interceptor,,2,486,3270,257,
ki-45_ko,7900,10000,4,Ki-45 ko,570,24.0,19.5,1.88,2.3,,F,Interceptor,,1,483,372,7,
ki-45_otsu,9200,22000,4,Ki-45 otsu,570,24.0,19.5,1.16,2.7,,F,Interceptor,,2,468,63,18,
ki-45_tei,11000,38000,4,Ki-45 tei,570,24.0,19.5,3.34,2.3,,F,Interceptor,,2,465,32,4,Dive
ki-49_1,14000,55000,4,Ki-49-I,466,29.0,12.5,-1.00,3.0,,B,Bomber,,2,458,2355,14,
ki-49_2a,18000,77000,4,Ki-49-IIa,502,30.0,12.5,-1.00,3.3,,B,Bomber,,2,452,2328,291,
ki-49_2b,26000,100000,4,Ki-49-IIb,502,30.0,12.5,-1.00,3.7,,B,Bomber,,3,452,222,23,
ki-49_2b_late,36000,140000,4,Ki-49-IIb/L,502,30.0,12.5,-1.00,4.3,,B,Bomber,,3,451,81,2,
ki_61_1a_hei,50000,190000,4,Ki-61-I hei,591,21.0,10.0,3.74,5.0,,F,Fighter,,3,450,573,125,
ki_61_1a_ko,9200,22000,4,Ki-61-I ko,590,19.8,11.6,1.31,2.7,,F,Fighter,,2,444,15,3,
ki_61_1a_otsu,11000,38000,4,Ki-61-I otsu,587,20.3,11.0,1.97,3.0,,F,Fighter,,2,442,178,7,
ki_61_1a_tei,50000,190000,4,Ki-61-I tei,580,21.0,11.9,3.46,4.3,,F,Interceptor,,3,441,1114,96,
ki_61_2_early,70000,230000,4,Ki-61-II,625,20.0,12.8,3.46,5.0,,F,Fighter,,4,433,145,43,Dive
ki_67_1_ko,50000,190000,4,Ki-67-I Ko,502,30.0,12.5,-1.00,4.7,,B,Bomber,,3,430,268,29,Naval
ki_67_1_otsu,70000,230000,4,Ki-67-I otsu,502,30.0,12.5,-1.00,5.0,,B,Bomber,,3,428,1377,8,
ki-83,80000,300000,4,Ki-83,704,24.0,21.7,7.53,6.0,,F,Fighter,,4,427,2756,49,Torpedo
ki_84_hei,85000,310000,4,Ki-84 hei,692,19.4,17.9,7.53,6.0,,F,Fighter,,4,424,626,4,
ki_84_ko,75000,250000,4,Ki-84 ko,692,19.4,17.9,3.46,5.3,,F,Fighter,,4,424,82,4,
ki_84_otsu,80000,300000,4,Ki-84 otsu,692,19.4,17.9,4.94,5.7,,F,Fighter,,4,420,375,72,
kitsuka,120000,610000,4,Kikka,802,26.0,20.0,2.53,6.7,,F,Jet,,5,406,1111,17,
la-15,200000,790000,2,La-15,1022,23.5,31.7,8.89,8.0,,F,Jet,La-,5,404,206,45,Torpedo
la-5_type37_early,14000,55000,2,La-5,580,21.0,13.8,2.30,3.0,,F,Fighter,,2,403,99,10,
la-5_type39,18000,77000,2,La-5F,593,21.0,15.9,2.30,3.3,,F,Fighter,,3,403,366,5,
la-5fn,26000,100000,2,La-5FN,620,19.0,22.0,2.30,4.0,,F,Fighter,,3,400,1751,35,
la-7,70000,230000,2,La-7,677,19.0,18.5,2.30,4.7,,F,Fighter,,4,397,75,22,Torpedo
la-7b-20,75000,250000,2,La-7B-20,661,20.0,18.5,3.60,5.3,,F,Fighter,,4,396,84,47,
la-9,90000,360000,2,La-9,690,21.0,19.2,7.90,6.0,,F,Fighter,,4,392,491,79,Naval
lagg-3-11,5900,6300,2,LaGG-3-11,561,24.0,10.6,1.91,2.0,,F,Fighter,LaGG,1,387,59,1,
lagg-3-35,7900,10000,2,LaGG-3-35,566,21.0,13.8,1.91,2.3,,F,Fighter,,2,387,1387,17,
lagg-3-66,11000,38000,2,LaGG-3-66,591,21.5,13.8,1.91,2.7,,F,Fighter,,2,374,310,28,
lagg-3-8,4000,2100,2,LaGG-3-8,554,24.0,10.5,1.91,2.0,,F,Fighter,,1,374,2579,125,
lancaster_mk1,85000,310000,3,Lancaster B Mk I,451,42.0,8.6,-1.00,5.7,,B,Bomber,Lancaster,4,374,77,11,Torpedo/Naval
lancaster_mk3,90000,360000,3,Lancaster B Mk III,462,48.0,8.6,-1.00,5.7,,B,Bomber,,4,364,531,38,
leo_451_early,14000,55000,6,LeO 451 early,495,30.0,5.9,0.22,3.0,6250.0,B,Bomber,,2,358,62,1,
lincoln_b2,90000,360000,3,Lincoln B Mk.II,513,35.0,5.0,-1.00,6.0,,B,Bomber,Lincoln,4,358,523,3,Naval
mb_157,18000,77000,6,M.B.157,712,19.0,14.1,3.02,3.3,,F,Fighter,,3,356,372,9,
mb_162,26000,100000,6,M.B.162,537,27.0,11.6,-1.00,4.0,,B,Bomber,,3,356,153,30,Torpedo
mb_174_a3,9200,22000,6,M.B.174A-3,537,19.0,11.6,0.44,2.7,3780.0,B,Bomber,,2,354,435,26,Naval
md_450b_barougan,200000,790000,6,M.D.450B Barougan,942,24.0,28.0,6.46,8.0,,F,Jet,,5,354,726,41,
md_450b_ouragan,200000,790000,6,M.D.450B Ouragan,942,24.0,28.0,6.46,8.0,,F,Jet,,5,347,214,24,
md_452_mystere_2a,200000,790000,6,M.D.452 Mystere IIA,1030,25.0,34.0,6.46,9.0,,F,Jet,,5,347,129,16,
ms_410c1,5900,6300,6,M.S.410,477,20.0,11.9,2.39,2.0,,F,Fighter,,2,347,82,22,
me-163b,130000,690000,1,Me 163 B,955,21.0,37.0,7.26,8.0,,F,Jet,Messerschmitt,5,347,1669,7,
me-262a-1a_u4,120000,610000,1,Me 262 A-1/U4,865,28.0,20.0,4.78,6.7,,F,Jet,Messerschmitt,5,346,49,0,
me-262a-1a,200000,790000,1,Me 262 A-1a,865,28.0,20.0,14.52,7.0,,F,Jet,Messerschmitt,5,345,44,0,Naval
me-262c-1a,200000,790000,1,Me 262 C-1a,865,30.3,20.0,14.52,8.0,,F,Jet,Messerschmitt,5,343,144,0,
me-262c-2b,380000,790000,1,Me 262 C-2b,865,30.3,20.0,14.52,8.0,,F,Jet,Messerschmitt,5,339,111,37,
me-410a-1,26000,100000,1,Me 410 A-1,624,30.7,10.8,3.15,3.7,,F,Interceptor,Messerschmitt,3,339,53,0,
me-410a-1_u2,36000,140000,1,Me 410 A-1/U2,624,30.7,10.8,5.90,5.0,,F,Interceptor,Messerschmitt,3,339,63,69,Dive
me-410a-1_u4,70000,230000,1,Me 410 A-1/U4,590,31.0,10.8,4.09,4.0,,F,Interceptor,Messerschmitt,4,338,124,4,
me-410b-1,50000,190000,1,Me 410 B-1,639,30.0,10.8,3.81,4.7,,F,Interceptor,Messerschmitt,3,331,118,76,
me-410b-1_u2,70000,230000,1,Me 410 B-1/U2,624,30.7,10.8,6.57,5.0,,F,Interceptor,Messerschmitt,3,331,85,11,Torpedo
me-410b-2_u4,70000,230000,1,Me 410 B-2/U4,600,30.0,10.8,4.09,4.7,,F,Interceptor,Messerschmitt,4,331,87,94,
me-410b-6_r3,75000,250000,1,Me 410 B-6/R3,620,31.0,10.8,8.12,5.3,,F,Interceptor,Messerschmitt,4,330,26,0,
meteor_fmk3,120000,610000,3,Meteor F. Mk.3,755,20.0,22.5,6.46,7.0,,F,Jet,Meteor,5,328,386,36,
meteor_fmk4_lw,200000,690000,3,Meteor F. Mk.4 G.41F,945,20.0,37.0,6.46,8.0,,F,Jet,,5,328,504,12,
meteor_fmk4_sw,200000,790000,3,Meteor F. Mk.4 G.41G,950,22.0,37.0,6.46,8.0,,F,Jet,,5,328,20,0,Naval
meteor_fmk8,380000,990000,3,Meteor F. Mk.8 G.41K,962,23.0,40.2,6.46,9.0,,F,Jet,,5,326,238,77,
mig-15_ns23,380000,1470000,2,MiG-15,1050,22.1,42.0,8.83,9.0,,F,Jet,MiG,5,326,247,14,
mig-15,200000,1330000,2,MiG-15bis,1076,20.7,50.0,10.80,9.0,,F,Jet,,5,325,156,0,
mig-15bis_nr23_german,380000,990000,1,MiG-15bis,1076,20.7,50.0,10.80,9.0,,F,Jet,MiG,5,325,567,13,
mig-17,380000,1750000,2,MiG-17,1114,21.5,50.0,10.80,9.0,,F,Jet,,5,321,85,1,
mig_3_series_1_15,7900,10000,2,MiG-3-15,640,24.0,16.0,1.21,1.7,,F,Interceptor,,2,318,44,0,
mig_3_series_1_15_bk_pod,7900,10000,2,MiG-3-15 (BK),633,24.0,16.0,2.46,2.3,,F,Interceptor,,2,316,155,26,
mig_3_series_34,9200,22000,2,MiG-3-34,612,22.0,16.0,2.30,2.3,,F,Interceptor,,2,312,932,19,
mig-9,120000,610000,2,MiG-9,909,29.0,22.0,8.83,7.0,,F,Jet,,5,311,3117,102,
mig-9_ussr,130000,790000,2,MiG-9 /L,967,26.0,28.0,8.83,7.0,,F,Jet,,5,309,28,2,
mosquito_fb_mk6,70000,230000,3,Mosquito FB Mk VI,618,28.0,8.5,5.83,4.3,,F,Air Defence,Mosquito,4,303,4115,67,
mosquito_fb_mk18,70000,230000,3,Mosquito FB Mk XVIII,595,30.0,7.6,3.52,4.3,,F,Air Defence,,4,303,216,8,Dive
ms_405c1,4000,2100,6,MS.405C1,475,19.4,13.5,1.95,1.7,,F,Fighter,,1,302,113,15,
ms_406c1,5900,6300,6,MS.406C1,483,20.0,12.3,1.95,2.0,,F,Fighter,,1,301,407,10,
nc_223_3,5900,6300,6,N.C.223.3,400,29.0,6.5,-1.00,2.3,,B,Bomber,,1,301,121,12,
n1k1_kyuofu,9200,22000,4,N1K1 Kyuofu,489,19.0,14.9,2.51,2.7,,F,Fighter,,2,289,388,1,
n1k1_ja,75000,250000,4,N1K1-Ja,657,19.0,17.8,4.47,5.7,,F,Fighter,,4,287,3115,13,
n1k2_j,80000,300000,4,N1K2-J,650,19.0,18.2,4.15,6.3,,F,Fighter,,4,284,25,2,
nimrod_mk1,0,0,3,Nimrod Mk I,394,16.0,15.7,0.33,1.0,,F,Fighter,Nimrod,1,281,52,0,
nimrod_mk2,2900,700,3,Nimrod Mk II,394,16.0,15.7,0.33,1.0,,F,Fighter,,1,281,412,19,
p_108a_serie2,18000,77000,5,P.108A Serie 2,444,31.0,7.7,4.31,3.3,3049.0,A,Attacker,,4,280,412,19,Naval
p_108b_serie1,18000,77000,5,P.108B  Serie  1,419,36.0,4.3,-1.00,3.3,,B,Bomber,,4,276,254,6,
p_108b_serie2,26000,100000,5,P.108B  Serie  2,445,36.0,4.3,-1.00,3.7,,B,Bomber,,4,276,90,0,
p1y1_mod11,75000,250000,4,P1Y1 mod. 11,546,26.0,10.2,-1.00,4.70,,B,Bomber,,4,273,37,8,
p-26a_33,0,0,0,P-26A-33,377,18.0,12.0,0.33,1.0,,F,Fighter,,1,272,312,14,Torpedo/Naval
p-26a_34_m2,0,0,0,P-26A-34 M2,377,18.0,12.0,0.71,1.0,,F,Fighter,,1,270,13,0,
p-26b_35,0,0,0,P-26B-35,377,18.0,12.0,0.33,1.0,,F,Fighter,,1,268,239,11,Naval
p-36a,4000,2100,0,P-36A Hawk,504,17.3,10.6,0.71,1.3,,F,Fighter,,1,262,59,63,Torpedo
p-36c,5900,6300,0,P-36C Hawk,501,17.0,10.6,1.04,1.7,,F,Fighter,,1,261,1118,88,
p-36g,7900,10000,0,P-36G Hawk,501,17.0,10.6,1.75,2.3,,F,Fighter,,1,257,54,9,
p-38e,14000,55000,0,P-38E,635,23.0,13.5,3.58,3.0,,F,Interceptor,,2,257,1106,63,
p-38g,18000,77000,0,P-38G-1,660,22.0,18.0,3.58,3.7,,F,Interceptor,,2,257,90,2,
p-38j,50000,190000,0,P-38J-15,693,21.5,19.6,3.58,4.0,,F,Fighter,,4,256,52,0,
p-38l,70000,230000,0,P-38L-5-LO,690,22.0,19.3,3.58,4.7,,F,Fighter,,4,256,75,0,
p-39n,14000,55000,0,P-39N-0,641,18.0,14.9,3.22,3.0,,F,Fighter,,2,254,162,68,
p-39q_5,14000,55000,0,P-39Q-5,602,18.0,14.1,3.67,3.3,,F,Fighter,,2,251,2211,43,
p-400,11000,38000,0,P-400,576,22.0,9.7,3.26,2.3,,F,Fighter,,2,249,558,3,
p-40e,9200,22000,0,P-40E-1,560,21.0,10.6,3.30,2.7,,F,Fighter,,2,246,45,3,
p-47d,18000,77000,0,P-47D-25,700,25.0,10.6,4.44,4.0,,F,Interceptor,,3,246,463,33,
p-47d-28,26000,100000,0,P-47D-28,695,25.0,10.6,4.44,4.3,,F,Interceptor,,3,245,32,2,
p-47n-15,70000,230000,0,P-47N-15,750,30.0,8.4,4.44,4.7,,F,Interceptor,,4,242,136,16,
p-51_mk1a_usaaf,18000,77000,0,P-51,631,20.0,13.1,5.17,3.7,,F,Fighter,,3,237,289,29,
p-51d-30_usaaf_korea,75000,250000,0,P-51D-30,721,20.0,22.7,3.33,5.0,,F,Fighter,,4,237,47,7,
p-51d-5,70000,230000,0,P-51D-5,698,23.0,18.0,3.33,4.3,,F,Fighter,,4,234,410,9,
p-51h-5_na,120000,610000,0,P-51H-5NA,776,19.0,18.2,3.33,6.3,,F,Fighter,,4,234,163,1,
p-61c_1,36000,140000,0,P-61C-1,692,25.0,16.0,5.68,4.0,,F,Air Defence,,3,233,24,3,
p-63a-10,35000,140000,0,P-63A-10,650,23.0,22.2,3.81,4.0,,F,Fighter,,3,232,448,24,
p-63a-5,26000,100000,0,P-63A-5,640,21.0,19.6,3.62,3.7,,F,Fighter,,3,231,64,5,Torpedo
p-63c-5,50000,190000,0,P-63C-5,663,23.0,21.7,3.81,4.0,,F,Fighter,,3,231,198,98,
p-63c-5_france,50000,190000,6,P-63C-5,663,23.0,21.7,3.81,4.0,,F,Fighter,,4,230,155,42,
f-80a,120000,610000,0,P-80A-5,882,23.0,23.6,3.33,7.0,,F,Jet,,5,225,40,6,
pb4y-2,75000,250000,0,PB4Y-2,404,38.0,3.5,-1.00,5.7,,B,Bomber,,3,224,59,0,Naval
pb4y-2_france,75000,250000,6,PB4Y-2,404,38.0,3.5,-1.00,5.7,,B,Bomber,,4,224,510,10,
pbj_1h,26000,100000,0,PBJ-1H,451,37.0,7.7,6.32,4.0,4390.0,A,Attacker,,3,223,23,0,
pbj_1j,36000,140000,0,PBJ-1J,457,36.0,7.7,6.47,4.0,4390.0,A,Attacker,,3,223,26,0,
pby-5,5900,6300,0,PBY-5 Catalina,288,28.0,4.8,-1.00,1.7,,B,Bomber,,1,222,506,24,
pby-5a,7900,10000,0,PBY-5a Catalina,282,30.0,5.1,-1.00,1.7,,B,Bomber,,1,221,140,40,
pe-2-1,11000,38000,2,Pe-2-1,540,27.0,9.7,0.58,3.7,,B,Bomber,Pe-,2,214,55,7,
pe-2-110,75000,250000,2,Pe-2-110,483,28.0,8.5,0.92,4.3,2950.0,B,Bomber,,3,214,117,10,
pe-2-31,14000,55000,2,Pe-2-31,530,28.0,9.6,0.92,3.7,5100.0,B,Bomber,,2,212,10,4,
pe-2-359,70000,230000,2,Pe-2-359,540,26.0,12.8,0.92,4.7,3700.0,B,Bomber,,3,211,98,16,
pe-2-83,18000,77000,2,Pe-2-83,510,28.0,9.0,0.92,4.0,5100.0,B,Bomber,,2,211,138,9,
pe-3,14000,55000,2,Pe-3,504,26.0,9.7,1.25,2.7,,F,Air Defence,,3,211,12,0,
pe-3_early,9200,22000,2,Pe-3/Early,535,26.0,10.0,1.54,2.3,,F,Air Defence,,2,210,225,11,
pe-3_bis,18000,77000,2,Pe-3bis,530,33.8,8.9,2.53,3.3,,F,Air Defence,,3,206,18,6,
pe-8_m82,50000,190000,2,Pe-8,422,36.0,7.2,-1.00,4.3,,B,Bomber,,3,204,309,18,
potez_630,4000,2100,6,Potez 630,426,22.0,8.3,3.02,1.7,,F,Air Defence,,1,204,36,14,
potez_631,5900,6300,6,Potez 631,430,21.0,7.4,4.34,2.3,,F,Air Defence,,2,198,95,1,Naval/Dive
potez_633,5900,6300,6,Potez 633,440,20.0,7.3,0.22,2.0,4000.0,B,Bomber,,1,198,626,27,
r2y2_v1,120000,610000,4,R2Y2 KAI V1,851,30.0,20.0,10.13,7.0,3500.0,B,Jet,,5,197,8,0,
r2y2_v2,130000,690000,4,R2Y2 KAI V2,863,30.0,20.0,10.13,7.0,3500.0,B,Jet,,5,195,200,15,
r2y2_kai,200000,790000,4,R2Y2 KAI V3,860,28.0,20.0,10.13,7.3,3000.0,B,Jet,,5,194,165,69,
s_81_ar125,4000,2100,5,S.81,335,29.0,6.3,-1.00,1.3,,B,Bomber,,1,192,43,19,
sm_79_1936_italy,9200,22000,5,S.M.79  Serie 1,430,31.6,5.9,0.39,1.7,4000.0,B,Bomber,,2,191,1712,18,
sm_79_1939_italy,9200,22000,5,S.M.79  Serie 8,430,31.6,5.9,0.39,2.7,4000.0,B,Bomber,,2,191,19,7,
sm_79_1941_italy,11000,38000,5,S.M.79 AS,480,31.0,5.9,0.39,3.0,4000.0,B,Bomber,,2,190,36,7,
sm_79_iar_italy,14000,55000,5,S.M.79 B,445,35.0,5.9,-1.00,2.7,,B,Bomber,,2,187,34,5,
sm_79_1943_italy,11000,38000,5,S.M.79 bis/T.M,430,31.6,5.9,0.39,3.0,4000.0,B,Bomber,,2,184,191,1,
so_4050_vautour_2a,200000,790000,6,S.O.4050 Vautour IIA,1100,32.0,52.0,20.84,9.0,0.0,B,Bomber,,5,182,14,0,Naval
so_4050_vautour_2b,200000,790000,6,S.O.4050 Vautour IIB,1107,32.0,55.0,-1.00,9.0,0.0,B,Bomber,,5,181,309,8,Naval
sb_2m_100,4000,2100,2,SB 2M-100,423,24.2,8.9,-1.00,1.70,,B,Bomber,SB,1,179,58,124,
sb_2m_103c,5900,6300,2,SB 2M-103,423,24.2,8.9,-1.00,2.0,,B,Bomber,,1,179,312,82,
sb_2m_103u_mv3,7900,10000,2,SB 2M-103U MV-3,423,24.2,8.9,-1.00,2.3,,B,Bomber,,1,174,52,10,Torpedo
sb_2m_105,7900,10000,2,SB 2M-105,423,24.2,8.9,-1.00,2.7,,B,Bomber,,1,172,164,5,
sb2c_1c,11000,38000,0,SB2C-1c,450,23.0,6.1,2.84,3.3,4084.0,B,Bomber,,3,171,2742,60,
sb2c_4,18000,77000,0,SB2C-4,459,23.0,6.1,2.84,4.0,4998.0,B,Bomber,,3,169,2060,36,
sb2c_5_france,26000,100000,6,SB2C-5,459,23.0,6.1,2.84,4.0,4998.0,B,Bomber,,3,167,674,17,
sb2u-2,4000,2100,0,SB2U-2,360,22.0,6.2,0.33,1.3,4084.0,B,Bomber,,1,162,447,44,
sb2u-3,4000,2100,0,SB2U-3,360,22.0,6.2,2.20,1.7,4084.0,B,Bomber,,1,160,41,1,
sbd-3,5900,6300,0,SBD-3,439,25.5,9.8,1.10,2.3,4500.0,B,Bomber,,1,160,131,26,Torpedo/Dive
sea_fury_fb11,85000,310000,3,Sea Fury FB 11,724,21.0,22.0,6.46,5.7,,F,Fighter,,4,159,17,1,
gladiator_mk2_navy,4000,2100,3,Sea Gladiator Mk.I,414,16.0,15.7,0.66,1.3,,F,Fighter,,1,159,109,3,Torpedo
hurricane_mk1b,7900,10000,3,Sea Hurricane Mk.IB,508,17.0,16.6,1.33,2.0,,F,Fighter,,2,158,17,0,
hurricane_mk1c,9200,22000,3,Sea Hurricane Mk.IC,512,19.0,16.6,5.17,3.0,,F,Fighter,,2,158,2211,0,
meteor_fmk3_navy,130000,690000,3,Sea Meteor F. Mk.3,927,20.0,36.0,6.46,8.0,,F,Jet,,5,158,264,5,
sea_venom_faw20,200000,990000,3,Sea Venom FAW.20,985,25.0,28.0,6.46,9.0,,F,Jet,,5,157,51,3,Torpedo
seafire_fr47,80000,300000,3,Seafire FR 47,729,21.0,22.6,6.46,6.0,,F,Fighter,,4,146,37,2,
seafire_mk17,75000,250000,3,Seafire Mk XVII,635,17.0,24.4,3.89,5.3,,F,Fighter,,4,143,25,2,
spitfire_f22,85000,310000,3,Spitfire F Mk.22,740,18.2,23.7,6.46,6.3,,F,Fighter,Spitfire,4,139,22,10,
spitfire_f24,90000,360000,3,Spitfire F Mk.24,753,18.2,25.0,6.46,6.7,,F,Fighter,,4,135,22,3,
spitfire_mk14e,75000,250000,3,Spitfire F Mk.XIVe,726,17.3,24.3,3.25,5.7,,F,Fighter,,4,133,244,10,
spitfire_mk18e,80000,300000,3,Spitfire F Mk.XVIIIe,718,18.1,23.3,3.73,5.7,,F,Fighter,,4,132,62,12,
spitfire_ix_early,36000,140000,3,Spitfire F. Mk IX,650,17.2,19.3,3.25,4.3,,F,Fighter,,3,128,250,101,
spitfire_xvi,70000,230000,3,Spitfire F. Mk XVI,651,19.8,22.3,3.73,5.0,,F,Fighter,,4,127,498,24,Naval
spitfire_ix,75000,250000,3,Spitfire LF. Mk IX,659,15.5,27.0,3.73,5.7,,F,Fighter,,4,125,45,1,
spitfire_mk1,7900,10000,3,Spitfire Mk Ia,584,15.0,19.5,1.33,2.7,,F,Fighter,,2,124,18,2,
spitfiremkiia,9200,38000,3,Spitfire Mk IIa,571,15.1,19.4,1.33,2.7,,F,Fighter,,2,123,29,12,Torpedo
spitfiremkii,11000,22000,3,Spitfire Mk IIb,571,15.1,19.4,3.25,3.0,,F,Fighter,,2,123,727,22,
spitfire_mk5b,18000,77000,3,Spitfire Mk Vb/trop,573,16.5,17.8,3.25,3.3,,F,Fighter,,3,122,121,10,
spitfire_mk5c,50000,190000,3,Spitfire Mk Vc,592,16.2,19.5,5.17,4.3,,F,Fighter,,3,120,1468,28,
stirling_mk1,36000,140000,3,Stirling B Mk I,396,50.0,7.9,-1.00,5.0,,B,Bomber,,3,117,65,5,Torpedo
stirling_mk3,70000,230000,3,Stirling B Mk III,410,47.0,4.0,-1.00,5.3,,B,Bomber,,3,114,1082,12,
su-2_m82,5900,6300,2,Su-2 M-82,486,26.0,9.6,1.16,2.7,5850.0,A,Attacker,Su-,1,110,3274,32,
su-2_mv5,4000,2100,2,Su-2 MV-5,460,24.0,8.6,1.16,1.7,6500.0,A,Attacker,,1,109,134,4,
su-2_tss1,5900,6300,2,Su-2 TSS-1,512,25.0,8.9,0.58,2.0,7100.0,A,Attacker,,1,108,11,23,Torpedo
su-6_am42,70000,230000,2,Su-6 (AM42),514,26.0,10.9,7.06,5.0,1400.0,A,Attacker,,4,107,70,13,Torpedo
su-6_m71,80000,300000,2,Su-6 (M-71F),514,26.0,10.9,7.06,5.3,1400.0,A,Attacker,,4,104,214,13,
sunderland_mk3a,4000,2100,3,Sunderland Mk IIIa,394,35.0,6.5,0.66,1.7,4267.0,B,Bomber,,1,102,33,0,
sunderland_mk5,9200,22000,3,Sunderland Mk.V,401,35.0,7.8,0.66,2.0,4267.0,B,Bomber,,2,102,8,7,
swordfish_mk1,2900,700,3,Swordfish Mk I,226,50.2,9.2,0.16,1.0,1400.0,B,Bomber,,1,101,67,0,
ta-152c,90000,360000,1,Ta 152 C-3,730,27.0,13.1,8.19,5.7,,F,Interceptor,Ta-,4,101,42,21,Torpedo
ta-152h-1,90000,360000,1,Ta 152 H-1,755,20.5,17.5,6.39,5.7,,F,Interceptor,Ta-,4,99,299,3,
tbd-1_1938,4000,2100,0,TBD-1,312,19.0,6.1,0.55,1.7,2500.0,B,Bomber,,1,99,539,26,
tbf-1c,9200,22000,0,TBF-1c,432,30.0,5.1,1.10,3.0,3650.0,B,Bomber,,2,99,69,3,
tempest_mk2,90000,360000,3,Tempest Mk II,723,21.0,23.9,6.46,6.3,,F,Fighter,,4,98,65,11,
tempest_mkv,80000,300000,3,Tempest Mk V,703,20.1,20.4,6.46,5.7,,F,Fighter,,4,94,1097,33,
tempest_mkv_vikkers,70000,230000,3,Tempest Mk.V (Vickers P),671,22.0,20.4,4.97,4.0,,F,Fighter,,4,89,644,0,
tu_14t,130000,690000,2,Tu-14,856,51.0,15.0,5.93,8.0,5500.0,B,Bomber,Tu-,5,88,56,1,
tu-2,85000,310000,2,Tu-2S,547,20.3,8.1,2.56,5.7,7300.0,B,Bomber,,4,87,31,13,
tu-2_postwar,85000,310000,2,Tu-2S-44,547,30.8,8.1,2.56,6.3,7300.0,B,Bomber,,4,84,481,4,
tu-2_postwar_late,90000,360000,2,Tu-2S-59,547,30.8,8.1,2.56,6.3,7300.0,B,Bomber,,4,84,16,3,
tu_4,120000,610000,2,Tu-4,641,32.0,6.5,-1.00,8.0,9100.0,B,Bomber,,4,83,116,25,Naval
typhoon_mk1a,14000,55000,3,Typhoon Mk Ia,634,21.0,17.1,1.99,2.7,,F,Fighter,,2,78,102,11,Naval
typhoon_mk1b_late,36000,140000,3,Typhoon Mk Ib/L,671,19.5,19.5,5.17,4.3,,F,Fighter,,3,76,23,9,
vg_33,7900,10000,6,V.G.33C-1,558,19.0,13.4,2.39,2.7,,F,Fighter,,2,74,265,19,
v_156_b1,2900,700,3,V-156-B1,360,22.0,6.2,0.66,1.3,4084.0,B,Bomber,,1,74,19,13,
v_156_f,2900,700,6,V-156-F,360,22.0,6.2,0.44,1.3,4084.0,B,Bomber,,1,70,53,0,
vampire_fb5,130000,690000,3,Vampire FB.5,855,24.0,20.0,6.46,7.3,,F,Jet,,5,70,23,4,
vb_10_02,80000,300000,6,VB 10-02,710,24.0,15.4,9.26,4.3,,F,Fighter,,4,64,908,1,
vb_10c1,70000,230000,6,VB 10C-1,710,24.0,15.4,6.03,4.0,,F,Fighter,,4,63,319,0,
venom_fb4,380000,990000,3,Venom FB.4,1027,22.0,34.2,6.46,9.0,,F,Jet,,5,60,6,24,
wellington_mk1c,11000,38000,3,Wellington Mk Ic,378,35.0,5.3,-1.00,2.3,,B,Bomber,Wellington,2,56,18,2,
wellington_mk1c_late,14000,55000,3,Wellington Mk Ic/L,378,35.0,5.3,-1.00,2.3,,B,Bomber,,2,54,148,6,
wellington_mk3,18000,77000,3,Wellington Mk III,418,30.0,5.3,-1.00,3.0,,B,Bomber,,2,51,151,17,
wellington_mk10,26000,100000,3,Wellington Mk X,410,30.0,5.3,-1.00,3.3,,B,Bomber,,2,50,375,5,
whirlwind_mk1,50000,190000,3,Whirlwind Mk.I,580,23.0,15.0,5.17,5.0,,F,Air Defence,Whirlwind,3,50,944,3,
yak-1_early,5900,6300,2,Yak-1,577,18.0,16.0,1.86,2.3,,F,Fighter,Yak,1,49,128,0,
yak-15,120000,610000,2,Yak-15,755,18.5,23.0,3.95,6.7,,F,Jet,,5,48,38,2,
yak-15_early,90000,360000,2,Yak-15P,755,18.5,23.0,1.98,6.3,,F,Jet,,4,47,217,33,Naval
yak-17,130000,690000,2,Yak-17,755,18.5,23.0,3.95,6.7,,F,Jet,,5,47,1,1,
yak-1b,11000,38000,2,Yak-1B,592,18.5,16.0,1.91,3.0,,F,Fighter,,2,44,5,2,
yak_2_kabb,7900,10000,2,Yak-2 KABB,520,19.0,12.8,3.14,2.3,4800.0,A,Attacker,,1,40,162,16,
yak-23,200000,790000,2,Yak-23,929,19.0,45.0,5.93,7.3,,F,Jet,,5,36,237,10,
yak-3,36000,140000,2,Yak-3,650,17.5,20.7,2.53,4.0,,F,Fighter,,3,34,150,8,
yak-30d,200000,790000,2,Yak-30,1076,20.7,50.0,8.89,8.0,,F,Jet,,5,32,25,1,Naval
yak-3p,50000,190000,2,Yak-3P,639,17.6,20.5,3.68,5.0,,F,Fighter,,3,30,2,5,
yak-4,7900,10000,2,Yak-4,533,24.0,10.4,0.29,2.3,4800.0,B,Bomber,,1,30,63,6,
yak-7b,9200,22000,2,Yak-7B,570,21.5,15.5,2.53,2.3,,F,Fighter,,2,26,13,0,
yak-9,14000,55000,2,Yak-9,577,19.0,16.0,1.91,3.0,,F,Fighter,,2,25,0,0,
yak-9b,14000,55000,2,Yak-9B,591,21.0,16.0,1.91,3.0,,F,Fighter,,2,24,6,0,
yak-9k,26000,100000,2,Yak-9K,593,18.0,16.0,5.21,4.0,,F,Fighter,,3,23,5,0,
yak-9p,75000,250000,2,Yak-9P,660,21.4,18.3,3.68,5.0,,F,Fighter,,4,21,2,0,
yak-9t,18000,77000,2,Yak-9T,593,18.0,16.0,3.87,4.3,,F,Fighter,,3,21,23,0,
yak-9u,70000,230000,2,Yak-9U,672,19.2,18.3,2.53,4.3,,F,Fighter,,4,18,328,3,Naval
yak-9ut,85000,310000,2,Yak-9UT,672,19.3,18.3,4.38,5.7,,F,Fighter,,4,12,71,0,
er-2_ach30b_early,80000,300000,2,Yer-2 ACh-30B/E,415,48.0,9.5,-1.00,4.7,,B,Bomber,Yer-,4,10,6,1,Naval
er-2_ach30b_late,80000,300000,2,Yer-2 ACh-30B/L,415,48.0,9.5,-1.00,4.7,,B,Bomber,,4,8,0,0,
er-2_m105_mv3,26000,100000,2,Yer-2 M-105,445,47.0,9.6,-1.00,4.0,,B,Bomber,,3,7,20,0,
er-2_m105r_lu2b,36000,140000,2,Yer-2 M-105R LU,445,47.0,9.6,-1.00,4.0,,B,Bomber,,3,3,1,0,
z_1007_bis_serie3,11000,38000,5,Z.1007 bis  Serie  3,450,32.0,6.2,-1.00,2.7,,B,Bomber,,3,0,249,0,
z_1007_bis_serie5,14000,55000,5,Z.1007 bis  Serie  5,450,32.0,6.2,-1.00,3.0,,B,Bomber,,3,0,271,0,
f-84g,200000,790000,0,F-84G-21-RE,971,30.4,29.3,5.20,7.7,,F,Jet,,5,21,2,0,
he-177a-5,80000,300000,1,He 177 A-5,518,33.4,5.9,-1.00,5.3,,B,Bomber,,4,83,116,25,
ki_108,36000,140000,4,Ki-108,580,22.9,8.5,5.37,4.0,,F,Fighter,,3,12,71,0,
la_200_toriy,200000,790000,2,La-200,1061,27.8,37.0,14.64,8.0,,F,Jet,,5,12,71,0,
md_452_mystere_2c_preproduction,200000,790000,6,M.D.452 IIC pre-production,1027,26.9,21.1,10.42,9.0,,F,Jet,,5,10,6,1,
re_2000_int,5900,6300,5,Re.2000 Serie 1,502,17.2,7.5,0.78,2.0,,F,Fighter,,1,21,23,0,
spitfire_mk5b_notrop,26000,100000,3,Spitfire Mk Vb,542,18.0,13.6,3.25,3.7,,F,Fighter,,3,21,23,0,
spitfire_mk5c_notrop,70000,230000,3,Spitfire Mk Vc,558,17.8,14.6,5.17,4.7,,F,Fighter,,3,21,23,0,
maryland_mk1_france,5900,6300,6,Martin 167 A-3,496,20.5,8.0,-1.00,2.7,,B,Bomber,,2,21,23,0,
bf-110f-2,14000,55000,1,BF 110 F-2,0,0,0,0,0,,F,Fighter,,2,47,1,1,
bf-110g-2,18000,77000,1,BF 100 G-2,0,0,0,0,0,,F,Fighter,,2,44,5,2,
f-84g_france,200000,790000,6,F-84G-26-RE,0,0,0,0,0,,F,Fighter,,5,40,162,16,
f4u-7,80000,300000,6,F4U-7,0,0,0,0,0,,F,Fighter,,4,34,150,8,
fj_4b,390000,1020000,0,FJ-4B,0,0,0,0,0,,F,Fighter,,5,47,162,1,
il_28sh,130000,690000,2,Il-28 Sh,0,0,0,0,0,,A,Attacker,,5,47,162,1,
ki_32,4000,2100,4,Ki-32,0,0,0,0,0,,B,Bomber,,1,44,162,2,
leo_451_late,14000,55000,6,LeO 451 late,0,0,0,0,0,,B,Bomber,,2,40,162,16,
p-40f_10,9200,22000,0,P-40F-10,0,0,0,0,0,,F,Fighter,,2,36,237,10,
re_2000_ga,5900,6300,5,Re.2000 G.A.,0,0,0,0,0,,F,Fighter,,1,34,150,8,
i_225,90000,360000,2,I-225,0,0.0,0.0,0.00,0.0,0.0,F,Fighter,,1,1,1,1,
me-163b-0,130000,690000,1,ME-163 B-0,0,0.0,0.0,0.00,0.0,0.0,F,Fighter,,5,1,1,1,
